{"count":1,"self":6812.411904,"total":10902.7354359,"children":{"InitializeActuators":{"count":1,"self":0.0040000999999999995,"total":0.0040000999999999995,"children":null},"InitializeSensors":{"count":1,"self":0.0039971,"total":0.0039971,"children":null},"AgentSendState":{"count":502013,"self":12.968636799999999,"total":106.6507034,"children":{"CollectObservations":{"count":502013,"self":39.990832,"total":39.9908333,"children":null},"WriteActionMask":{"count":502013,"self":1.4061032999999998,"total":1.4061032999999998,"children":null},"RequestDecision":{"count":502013,"self":4.1180379999999994,"total":52.2851303,"children":{"AgentInfo.ToProto":{"count":502013,"self":7.9132856,"total":48.1670923,"children":{"GenerateSensorData":{"count":502013,"self":40.253808,"total":40.2538068,"children":null}}}}}}},"DecideAction":{"count":502013,"self":3650.338816,"total":3650.3386904,"children":null},"AgentAct":{"count":502013,"self":333.3064448,"total":333.32134329999997,"children":{"AgentInfo.ToProto":{"count":250,"self":0.0010100999999999999,"total":0.0148884,"children":{"GenerateSensorData":{"count":250,"self":0.0138783,"total":0.0138783,"children":null}}}}}},"gauges":{"3DPos.CumulativeReward":{"count":250,"max":-371.938263,"min":-11732.7188,"runningAverage":-2016.55225,"value":-1254.90686,"weightedAverage":-1428.44373}},"metadata":{"timer_format_version":"0.1.0","start_time_seconds":"1723012889","unity_version":"2020.3.35f1","command_line_arguments":"c:\\Users\\samhi\\scene2_builds\\3DPos.exe --mlagents-port 5006","communication_protocol_version":"1.5.0","com.unity.ml-agents_version":"2.0.1","scene_name":"Scene2","end_time_seconds":"1723023792"}}