{"count":1,"self":823.0390272,"total":4981.004633,"children":{"InitializeActuators":{"count":1,"self":0.0031579999999999998,"total":0.0031579999999999998,"children":null},"InitializeSensors":{"count":1,"self":0.003155,"total":0.003155,"children":null},"AgentSendState":{"count":1002006,"self":10.625046399999999,"total":65.861921999999993,"children":{"CollectObservations":{"count":1002006,"self":14.5187072,"total":14.518708,"children":null},"WriteActionMask":{"count":1002006,"self":2.028685,"total":2.028685,"children":null},"RequestDecision":{"count":1002006,"self":4.9034379999999995,"total":38.689482999999996,"children":{"AgentInfo.ToProto":{"count":1002006,"self":9.3235112,"total":33.786045,"children":{"GenerateSensorData":{"count":1002006,"self":24.4625344,"total":24.462533999999998,"children":null}}}}}}},"DecideAction":{"count":1002006,"self":3836.0793088,"total":3836.079194,"children":null},"AgentAct":{"count":1002006,"self":256.00064,"total":256.015733,"children":{"AgentInfo.ToProto":{"count":500,"self":0.005051,"total":0.015085,"children":{"GenerateSensorData":{"count":500,"self":0.010034,"total":0.010034,"children":null}}}}}},"gauges":{"3DPos.CumulativeReward":{"count":500,"max":1141.10193,"min":-5369.501,"runningAverage":-1819.7157,"value":-1132.98071,"weightedAverage":-1633.53833}},"metadata":{"timer_format_version":"0.1.0","start_time_seconds":"1723122986","unity_version":"2020.3.35f1","command_line_arguments":"\/mainfs\/lyceum\/shj1g20\/iridis_feasibility\/scene2_linux\/scene2_linux.x86_64 -nographics -batchmode --mlagents-port 5005","communication_protocol_version":"1.5.0","com.unity.ml-agents_version":"2.0.1","scene_name":"Scene2","end_time_seconds":"1723127967"}}