{"count":1,"self":1671.0814719999998,"total":10271.455152999999,"children":{"InitializeActuators":{"count":1,"self":0.0031769999999999997,"total":0.0031769999999999997,"children":null},"InitializeSensors":{"count":1,"self":0.004561,"total":0.004561,"children":null},"AgentSendState":{"count":2002006,"self":21.2195488,"total":128.661906,"children":{"CollectObservations":{"count":2002006,"self":28.2217792,"total":28.221778,"children":null},"WriteActionMask":{"count":2002006,"self":4.1013832,"total":4.101383,"children":null},"RequestDecision":{"count":2002006,"self":9.7089648,"total":75.119197,"children":{"AgentInfo.ToProto":{"count":2002006,"self":17.1025952,"total":65.410232,"children":{"GenerateSensorData":{"count":2002006,"self":48.307638399999995,"total":48.307637,"children":null}}}}}}},"DecideAction":{"count":2002006,"self":7951.4198016,"total":7951.419441,"children":null},"AgentAct":{"count":2002006,"self":520.2509824,"total":520.282148,"children":{"AgentInfo.ToProto":{"count":1144,"self":0.008447,"total":0.031191,"children":{"GenerateSensorData":{"count":1144,"self":0.022744,"total":0.022744,"children":null}}}}}},"gauges":{"3DPos.CumulativeReward":{"count":1144,"max":237.238724,"min":-1615.57349,"runningAverage":-994.740967,"value":-1318.64685,"weightedAverage":-1365.80444}},"metadata":{"timer_format_version":"0.1.0","start_time_seconds":"1723164770","unity_version":"2020.3.35f1","command_line_arguments":"\/mainfs\/lyceum\/shj1g20\/iridis_feasibility\/scene2_linux\/scene2_linux.x86_64 -nographics -batchmode --mlagents-port 5005","communication_protocol_version":"1.5.0","com.unity.ml-agents_version":"2.0.1","scene_name":"Scene2","end_time_seconds":"1723175042"}}