{"count":1,"self":847.77379839999992,"total":25540.8635985,"children":{"InitializeActuators":{"count":1,"self":0.0086187,"total":0.0086187,"children":null},"InitializeSensors":{"count":1,"self":0.0045495,"total":0.0045495,"children":null},"AgentSendState":{"count":500344,"self":8.4812048,"total":86.3467446,"children":{"CollectObservations":{"count":500344,"self":35.6377792,"total":35.6377805,"children":null},"WriteActionMask":{"count":500344,"self":1.4198389,"total":1.4198389,"children":null},"RequestDecision":{"count":500344,"self":3.8670236,"total":40.8079208,"children":{"AgentInfo.ToProto":{"count":500344,"self":5.6313008,"total":36.940897299999996,"children":{"GenerateSensorData":{"count":500344,"self":31.309596799999998,"total":31.3095966,"children":null}}}}}}},"DecideAction":{"count":500344,"self":24297.0066944,"total":24297.0070366,"children":null},"AgentAct":{"count":500344,"self":309.69881599999997,"total":309.7168191,"children":{"AgentInfo.ToProto":{"count":250,"self":0.0049981999999999995,"total":0.017994,"children":{"GenerateSensorData":{"count":250,"self":0.0129958,"total":0.0129958,"children":null}}}}}},"gauges":{"3DPos.CumulativeReward":{"count":250,"max":-127.482864,"min":-1298.90381,"runningAverage":-585.0989,"value":-859.1181,"weightedAverage":-611.3101}},"metadata":{"timer_format_version":"0.1.0","start_time_seconds":"1723043171","unity_version":"2020.3.35f1","command_line_arguments":"C:\\iridis_feasibility\\scene1_builds\/3DPos.exe -nographics -batchmode --mlagents-port 5005","communication_protocol_version":"1.5.0","com.unity.ml-agents_version":"2.0.1","scene_name":"Scene1","end_time_seconds":"1723068711"}}